summary_level,slide,cell_state,if_marker,n_cells,mean_value,median_value,q25,q75,pct_above_slide_q80,other_mean_value,delta_log1p_vs_rest
slide,slide1,CAF/matrix-like,Mean.PanCK,10179,496.82866686315,259,138,487,0,3230.30116856456,-1.32348789692063
slide,slide1,CAF/matrix-like,Mean.CD45,10179,129.760094311818,136,98,167,0,318.207946589932,-0.503835420069832
slide,slide1,CAF/matrix-like,Mean.CD3,10179,200.488260143433,206,139,263,0.0327144120247569,452.434544593196,-0.101443553061709
slide,slide1,CAF/matrix-like,Mean.DAPI,10179,1625.36536005502,1539,1068,2068,0.130268199233716,1780.6337006299,-0.0254993019960823
slide,slide1,CAF/matrix-like,Mean.MembraneStain,10179,2159.72236958444,1731,1064.5,2770,0.0290794773553394,4313.28809678382,-0.499836051997471
slide,slide1,TGF/EMT stromal-interface,Mean.PanCK,17680,5464.48223981901,5454,2751,7646,0.430429864253394,2598.05871249472,1.60295782147803
slide,slide1,TGF/EMT stromal-interface,Mean.CD45,17680,198.575113122172,193,145,252,0,320.057012724797,-0.0431982796471706
slide,slide1,TGF/EMT stromal-interface,Mean.CD3,17680,246.917590497738,255,188,313,0.138348416289593,462.473315490445,0.178063265744248
slide,slide1,TGF/EMT stromal-interface,Mean.DAPI,17680,1570.9036199095,1478.5,1029,2002,0.115497737556561,1800.61352303141,-0.086692325844524
slide,slide1,TGF/EMT stromal-interface,Mean.MembraneStain,17680,3701.46940045249,2946,1598,4976,0.147567873303167,4209.00870545147,0.0975368688141236
slide,slide1,tumor epithelial-like,Mean.PanCK,34686,7206.58914259355,6759,4743,9053.75,0.610793980280228,1377.96105231395,2.73831797454839
slide,slide1,tumor epithelial-like,Mean.CD45,34686,196.649685752177,195,142,251,0,343.891728785525,-0.0802809953385815
slide,slide1,tumor epithelial-like,Mean.CD3,34686,251.254310096292,259,183,323,0.183186299948106,501.759820740062,0.195502923029434
slide,slide1,tumor epithelial-like,Mean.DAPI,34686,1610.90757077784,1481,973,2099,0.15046416421611,1828.76392226109,-0.158313288423736
slide,slide1,tumor epithelial-like,Mean.MembraneStain,34686,4933.59782044629,3930.5,2045,6600,0.264746583636049,3827.84225348965,0.456602576695487
slide,slide1,immune-like,Mean.PanCK,46111,1686.85500206025,408,213,1623.5,0.0792001908438334,3785.63247239091,-0.735921642812731
slide,slide1,immune-like,Mean.CD45,46111,562.835961050509,380,269,572,0.54112901476871,149.116637199887,1.30349372764004
slide,slide1,immune-like,Mean.CD3,46111,816.96725293314,295,217,380,0.350198434213095,204.227803828119,0.750228668529085
slide,slide1,immune-like,Mean.DAPI,46111,2090.95096614691,1949,1337,2695,0.307627247294572,1577.06289235657,0.324831500979104
slide,slide1,immune-like,Mean.MembraneStain,46111,5139.63234369239,4370,2654,6679,0.274229576456811,3544.27299049376,0.818600551314405
slide,slide1,other/background,Mean.PanCK,33189,1219.04206212902,311,93,2010,0,3658.19052277524,-1.42894031299733
slide,slide1,other/background,Mean.CD45,33189,105.376208984905,110,60,153,0,374.766399929652,-1.27764331923412
slide,slide1,other/background,Mean.CD3,33189,156.227063183585,138,60,223,0.0668595016421103,532.304717727752,-1.05625502937268
slide,slide1,other/background,Mean.DAPI,33189,1526.8773690078,1412,926,1998,0.12410738497695,1855.83422001407,-0.214671201452262
slide,slide1,other/background,Mean.MembraneStain,33189,2516.92114857332,1722,662,3499,0.081864473168821,4727.66636255716,-1.25305126771667
slide,slide2,CAF/matrix-like,Mean.PanCK,10044,1707.79579848666,897.5,548,1456,0,9352.63562914153,-1.70258100926241
slide,slide2,CAF/matrix-like,Mean.CD45,10044,91.7039028275587,97,61,125,0,192.32057712953,-0.605493489777795
slide,slide2,CAF/matrix-like,Mean.CD3,10044,181.032855436081,170,81,265,0.0484866587017125,280.236534261282,-0.411646862557275
slide,slide2,CAF/matrix-like,Mean.DAPI,10044,10763.6759259259,10100.5,7333,13449.25,0.0659099960175229,13801.3962906749,-0.187688521423324
slide,slide2,CAF/matrix-like,Mean.MembraneStain,10044,3287.55227001195,2463.5,1527.75,4049.75,0.0404221425726802,6665.86022470662,-0.746071734008766
slide,slide2,TGF/EMT stromal-interface,Mean.PanCK,12666,10440.0352913311,10666,1060,16718.75,0.322516974577609,8493.69817888647,0.0988335252756496
slide,slide2,TGF/EMT stromal-interface,Mean.CD45,12666,116.112742775936,116,79,148,0,191.890477093806,-0.353012258063349
slide,slide2,TGF/EMT stromal-interface,Mean.CD3,12666,217.341702194852,212,122,302,0.104216011369019,278.341667457081,-0.101180409790271
slide,slide2,TGF/EMT stromal-interface,Mean.DAPI,12666,11310.3547291963,10785,7700.5,14396.25,0.0839254697615664,13811.2670018021,-0.166021767431635
slide,slide2,TGF/EMT stromal-interface,Mean.MembraneStain,12666,5369.76425075004,4369,2282,7822.25,0.140138954681825,6499.72749691739,-0.218921368936208
slide,slide2,tumor epithelial-like,Mean.PanCK,37450,16275.8014686248,15671,11893,19596,0.5569826435247,5185.56805049228,1.74445536604063
slide,slide2,tumor epithelial-like,Mean.CD45,37450,126.609345794393,127,84,170,0,210.304007638321,-0.342979195563814
slide,slide2,tumor epithelial-like,Mean.CD3,37450,233.495834445928,226,131,317,0.145767690253672,289.586501500384,-0.0285517319050301
slide,slide2,tumor epithelial-like,Mean.DAPI,37450,11918.9867556742,11559,7651,15783,0.125287049399199,14297.2097686184,-0.237499003542228
slide,slide2,tumor epithelial-like,Mean.MembraneStain,37450,7233.43052069426,7039,4549,9465.75,0.231882510013351,5981.54565632517,0.311077956401922
slide,slide2,immune-like,Mean.PanCK,45778,5777.93300275241,2547,1233,9992,0.0604438813403819,10553.691598219,-0.581771733364683
slide,slide2,immune-like,Mean.CD45,45778,302.111581982612,245,190,325.75,0.519550875966622,108.847493016953,1.04892288520918
slide,slide2,immune-like,Mean.CD3,45778,333.077919524663,268,167,366,0.278103018917384,233.009361431456,0.420308222419624
slide,slide2,immune-like,Mean.DAPI,45778,15701.9836821181,14932.5,10444,20130,0.299882039407576,12176.4073121491,0.308882257201638
slide,slide2,immune-like,Mean.MembraneStain,45778,7014.43527458605,6720.5,3582,9695,0.250884704443182,5976.00716280871,0.207934394996405
slide,slide2,other/background,Mean.PanCK,24824,5500.32238962295,3330.5,959,10280,0,9554.67967878892,-0.645606024352105
slide,slide2,other/background,Mean.CD45,24824,88.9880357718337,94,58,123,0,208.987241615919,-0.768575030984885
slide,slide2,other/background,Mean.CD3,24824,253.305591363197,188,74,327,0.208709313567515,276.721352603139,-0.37077205648173
slide,slide2,other/background,Mean.DAPI,24824,13136.3603367709,12502,8231,17216.5,0.182927811795037,13651.27609572,-0.0438765651114696
slide,slide2,other/background,Mean.MembraneStain,24824,5166.80381888495,4507.5,2090,7670,0.122744118594908,6701.03531606484,-0.353377640923624
slide,slide3,CAF/matrix-like,Mean.PanCK,9666,155.77374301676,79,15,203,0,831.917174495943,-1.51346440068297
slide,slide3,CAF/matrix-like,Mean.CD45,9666,49.9213738878543,48,37,60,0,96.009645854372,-0.489816860977795
slide,slide3,CAF/matrix-like,Mean.CD3,9666,101.901200082764,86,61,119,0.0170701427684668,290.744994254274,-0.723679492377944
slide,slide3,CAF/matrix-like,Mean.DAPI,9666,1424.01924270639,1353,1043,1722,0.106248706807366,1555.40143469025,-0.0226004745491313
slide,slide3,CAF/matrix-like,Mean.MembraneStain,9666,172.886302503621,127,63,234,0.00848334367887441,586.516697426611,-1.17151860792334
slide,slide3,TGF/EMT stromal-interface,Mean.PanCK,7736,878.586478800414,660.5,79,1500,0.271845915201655,715.741779529681,0.469365011138762
slide,slide3,TGF/EMT stromal-interface,Mean.CD45,7736,63.4342037228542,62,47,79,0,92.7503369045213,-0.203832718796489
slide,slide3,TGF/EMT stromal-interface,Mean.CD3,7736,146.640770423992,121,84,183,0.0592037228541882,278.775217303416,-0.298306315485265
slide,slide3,TGF/EMT stromal-interface,Mean.DAPI,7736,1455.27766287487,1391,1077,1765,0.117502585315409,1547.05659995957,-0.00309872271117229
slide,slide3,TGF/EMT stromal-interface,Mean.MembraneStain,7736,433.757238883144,287,132,578,0.15124095139607,539.073731554478,-0.190404429128203
slide,slide3,tumor epithelial-like,Mean.PanCK,17842,1527.62364084744,1496,1033,1895,0.548929492209394,447.240630963498,2.80105839660639
slide,slide3,tumor epithelial-like,Mean.CD45,17842,74.1894966931958,75,60,89,0,94.8692395143936,-0.00809750606401227
slide,slide3,tumor epithelial-like,Mean.CD3,17842,200.361506557561,177,123,251,0.142416769420469,286.426062771529,0.097699839349989
slide,slide3,tumor epithelial-like,Mean.DAPI,17842,1367.5441654523,1276,886,1738,0.137036206703284,1597.66480571684,-0.174273774310594
slide,slide3,tumor epithelial-like,Mean.MembraneStain,17842,788.887568658222,627,380,1013,0.368456451070508,432.047322262374,0.934329726068937
slide,slide3,immune-like,Mean.PanCK,17902,526.156853982795,108,9,824,0.129706178080661,810.33334688402,-1.15714337590495
slide,slide3,immune-like,Mean.CD45,17902,141.757122109262,115,91,146,0.589375488772204,70.3081832594821,0.726160458350672
slide,slide3,immune-like,Mean.CD3,17902,531.174673220869,278,143,637,0.473187353368339,166.155859994309,0.892396138198502
slide,slide3,immune-like,Mean.DAPI,17902,1958.92660037985,1850.5,1323.25,2483,0.394145905485421,1382.7552339526,0.362792540502198
slide,slide3,immune-like,Mean.MembraneStain,17902,619.592280192157,406,232,732,0.226678583398503,493.21472417578,0.412364936575125
slide,slide3,other/background,Mean.PanCK,22042,506.36162780147,222,27,854,0.0598856728064604,846.127591104798,-0.636219603910737
slide,slide3,other/background,Mean.CD45,22042,76.394156610108,54,39,70,0.139143453407132,95.7183629988015,-0.358358059365799
slide,slide3,other/background,Mean.CD3,22042,166.033300063515,114,67,204,0.101760275837038,311.241488747836,-0.480439545726804
slide,slide3,other/background,Mean.DAPI,22042,1378.0396969422,1276,907,1736,0.133427093730152,1613.98075813396,-0.154934006880025
slide,slide3,other/background,Mean.MembraneStain,22042,390.456537519281,233,107,466,0.123899827601851,593.694260730614,-0.548134961035661
slide,slide4,CAF/matrix-like,Mean.PanCK,11767,190.850854083454,106,29,255,0,1576.90795954726,-1.22336260710425
slide,slide4,CAF/matrix-like,Mean.CD45,11767,57.8641114982579,55,41,72,0,109.302832215468,-0.517066441670176
slide,slide4,CAF/matrix-like,Mean.CD3,11767,116.051924874649,102,72,143,0.0180164867850769,258.141230874031,-0.446996781846307
slide,slide4,CAF/matrix-like,Mean.DAPI,11767,1531.38522988017,1452,1119.5,1859,0.109373672133934,1737.71326765877,-0.112803634979977
slide,slide4,CAF/matrix-like,Mean.MembraneStain,11767,550.56462989717,402,178,763,0.0673068751593439,1108.18591490254,-0.491555609765136
slide,slide4,TGF/EMT stromal-interface,Mean.PanCK,8617,1831.93756527794,252,65,1512,0.252291980967854,1344.07042749667,0.274979465454202
slide,slide4,TGF/EMT stromal-interface,Mean.CD45,8617,71.130207728908,67,49,91,0,105.826170646403,-0.27430094642325
slide,slide4,TGF/EMT stromal-interface,Mean.CD3,8617,172.168155970756,135,91,210,0.140768248810491,246.426779558664,-0.0661006666812645
slide,slide4,TGF/EMT stromal-interface,Mean.DAPI,8617,1658.00081234768,1588,1253,1991,0.140652199141232,1715.81029363662,-0.0105117547053535
slide,slide4,TGF/EMT stromal-interface,Mean.MembraneStain,8617,781.227921550424,491,198,982,0.141812695833817,1061.08161185618,-0.269162884557258
slide,slide4,tumor epithelial-like,Mean.PanCK,21704,3514.18563398452,2124.5,1005,4434.25,0.624861776631036,698.03314808958,2.81631317180339
slide,slide4,tumor epithelial-like,Mean.CD45,21704,84.5027644673793,86,63,107,0,108.29349839606,-0.0774697266914926
slide,slide4,tumor epithelial-like,Mean.CD3,21704,272.952681533358,232,153,336,0.373433468485072,228.119203602464,0.534826316192373
slide,slide4,tumor epithelial-like,Mean.DAPI,21704,1642.02054920752,1578.5,1207,2012,0.153105418356063,1732.42783776864,-0.0434288697350302
slide,slide4,tumor epithelial-like,Mean.MembraneStain,21704,1353.73820493918,785,178,2017,0.346203464799115,929.10194430639,0.0120780489168766
slide,slide4,immune-like,Mean.PanCK,24434,1384.7652451502,192,56,654,0.14692641401326,1394.48136455732,-0.122989524151579
slide,slide4,immune-like,Mean.CD45,24434,166.539944339854,144,109,188,0.566423835638864,77.8305140649296,0.80907791080083
slide,slide4,immune-like,Mean.CD3,24434,357.624785135467,179,119,329,0.315707620528771,193.702555403729,0.486178967486628
slide,slide4,immune-like,Mean.DAPI,24434,2055.91691904723,2005,1535,2517,0.370549234672997,1577.46495154628,0.277739544965408
slide,slide4,immune-like,Mean.MembraneStain,24434,1522.30044200704,910,545,1564,0.283743963329786,846.205924390206,0.878465674477546
slide,slide4,other/background,Mean.PanCK,30737,338.396297621759,99,24,304,0.0154536877379055,1956.19881114249,-1.5889865769792
slide,slide4,other/background,Mean.CD45,30737,81.2375638481309,63,44,86,0.123011354393727,113.789160826971,-0.381346212897801
slide,slide4,other/background,Mean.CD3,30737,166.548459511338,93,60,145,0.0547548557113576,278.071540633825,-0.641651912715607
slide,slide4,other/background,Mean.DAPI,30737,1552.72908872043,1470,1094,1925,0.133096919022676,1794.50643238155,-0.150677584526284
slide,slide4,other/background,Mean.MembraneStain,30737,602.806519829522,436,208,800,0.0807170511110388,1264.59069832305,-0.52257162204784
slide,slide5,CAF/matrix-like,Mean.PanCK,6865,281.970284049527,102,14,345,0,2645.73444139212,-2.59709970293908
slide,slide5,CAF/matrix-like,Mean.CD45,6865,57.7542607428988,51,41,70,0,89.3725567698966,-0.355557424040447
slide,slide5,CAF/matrix-like,Mean.CD3,6865,83.4891478514203,61,47,98,0.00422432629278951,183.69965809601,-0.606270474357859
slide,slide5,CAF/matrix-like,Mean.DAPI,6865,3043.94187909687,2873,2049,3856,0.105316824471959,3443.74533093539,-0.062402383170058
slide,slide5,CAF/matrix-like,Mean.MembraneStain,6865,727.805389657684,541,281,932,0.0260742898761835,1920.81914662345,-0.974856159777669
slide,slide5,TGF/EMT stromal-interface,Mean.PanCK,5248,2207.16063262195,1018.5,125,3809.75,0.200457317073171,2379.04213267964,-0.290244274008846
slide,slide5,TGF/EMT stromal-interface,Mean.CD45,5248,68.4639862804878,64,50,87,0,87.3170292630611,-0.150913134519567
slide,slide5,TGF/EMT stromal-interface,Mean.CD3,5248,125.612804878049,97,62,175,0.0893673780487805,176.362724069251,-0.148689818697799
slide,slide5,TGF/EMT stromal-interface,Mean.DAPI,5248,3163.41177591463,2913,2068.75,4004.5,0.141768292682927,3419.35701700628,-0.0402981140665872
slide,slide5,TGF/EMT stromal-interface,Mean.MembraneStain,5248,1316.99714176829,946,490,1697.25,0.112614329268293,1824.65740386089,-0.271516074117857
slide,slide5,tumor epithelial-like,Mean.PanCK,14421,4258.90305804036,4399,2213,5677,0.47000901463144,1728.26248170434,2.20717534377602
slide,slide5,tumor epithelial-like,Mean.CD45,14421,76.0886901047084,73,58,95,0,88.7802894779639,-0.0262568183503307
slide,slide5,tumor epithelial-like,Mean.CD3,14421,164.780181679495,132,91,228,0.197004368629083,174.055642032386,0.238775800659266
slide,slide5,tumor epithelial-like,Mean.DAPI,14421,3293.39213646765,3063,2027,4340,0.190208723389501,3430.35390191204,-0.0719944620582149
slide,slide5,tumor epithelial-like,Mean.MembraneStain,14421,2114.94320782193,1547,936,2657,0.252479023646072,1665.50463489998,0.477578501814397
slide,slide5,immune-like,Mean.PanCK,14704,2811.19606909684,1051.5,272,4889.25,0.269858541893362,2209.34087932647,0.358612472327795
slide,slide5,immune-like,Mean.CD45,14704,136.518294341676,125,100,150,0.619763329706202,68.0841908325538,0.717946325332994
slide,slide5,immune-like,Mean.CD3,14704,321.469668117519,261,158,322,0.546109902067465,120.235781103835,0.879062592495416
slide,slide5,immune-like,Mean.DAPI,14704,3722.32780195865,3490,2420,4801.25,0.252584330794342,3283.76106173994,0.161443694376257
slide,slide5,immune-like,Mean.MembraneStain,14704,2795.29821817193,2091.5,1177.75,3607,0.388601741022851,1428.57453227315,0.845907070996224
slide,slide5,other/background,Mean.PanCK,21865,1431.55412760119,844,115,2179,0.0343928653098559,2935.65302396135,-0.921502690678465
slide,slide5,other/background,Mean.CD45,21865,66.4924765607135,56,43,72,0.109124171049623,97.3282114666142,-0.394171033429533
slide,slide5,other/background,Mean.CD3,21865,102.761490967299,80,50,137,0.0297736107935056,214.087249641844,-0.627611704394938
slide,slide5,other/background,Mean.DAPI,21865,3347.04161902584,3094,2025,4421,0.19963411845415,3426.04191128964,-0.0478426503136422
slide,slide5,other/background,Mean.MembraneStain,21865,1195.95083466728,808,421,1483,0.0918820032014635,2135.97143178179,-0.627317150373047
slide,slide5b2,CAF/matrix-like,Mean.PanCK,8347,4261.1628129867,2009,1227.5,3565.5,0,21198.1262182187,-1.28611423109104
slide,slide5b2,CAF/matrix-like,Mean.CD45,8347,130.036180663712,135,93,171,0,257.716681526117,-0.575084578444219
slide,slide5b2,CAF/matrix-like,Mean.CD3,8347,331.723253863664,313,197,443,0.0499580687672218,497.814723153073,-0.288202442556628
slide,slide5b2,CAF/matrix-like,Mean.DAPI,8347,7832.65460644543,7308,5276.5,9906,0.0812267880675692,9548.04931287853,-0.138059730667816
slide,slide5b2,CAF/matrix-like,Mean.MembraneStain,8347,884.891817419432,789,562,1096.5,0.0418114292560201,1438.04823684939,-0.418296858492157
slide,slide5b2,TGF/EMT stromal-interface,Mean.PanCK,7774,27159.5038590172,34308,2777.5,44424.75,0.321198868021611,18337.7702165267,0.713826782299554
slide,slide5b2,TGF/EMT stromal-interface,Mean.CD45,7774,172.13892462053,170,120,220,0,251.614503177046,-0.260067339151221
slide,slide5b2,TGF/EMT stromal-interface,Mean.CD3,7774,415.188963210702,403,270,540,0.159891947517366,486.477425449891,0.0150853323507887
slide,slide5b2,TGF/EMT stromal-interface,Mean.DAPI,7774,9433.28389503473,8902,6344.25,12124.25,0.1917931566761,9343.46563152361,0.0766993461782377
slide,slide5b2,TGF/EMT stromal-interface,Mean.MembraneStain,7774,1301.09480319012,1185,808,1659.75,0.165294571649087,1383.9162387432,0.0323726275279839
slide,slide5b2,tumor epithelial-like,Mean.PanCK,18334,42654.4201483582,43598.5,37270,48646,0.573360968692048,11487.1827047052,2.34421875813352
slide,slide5b2,tumor epithelial-like,Mean.CD45,18334,198.845423802771,203,149,254,0,257.963589808778,-0.0917555028616004
slide,slide5b2,tumor epithelial-like,Mean.CD3,18334,470.844223846406,457,311,606,0.249536380495255,481.618301342002,0.190901548036218
slide,slide5b2,tumor epithelial-like,Mean.DAPI,18334,9713.58121522854,9368,6335,12767.75,0.226846296498309,9232.91935278842,0.0591455686076596
slide,slide5b2,tumor epithelial-like,Mean.MembraneStain,18334,1553.71522853714,1410,1000,1893,0.249809097850987,1315.69119436323,0.282810067917722
slide,slide5b2,immune-like,Mean.PanCK,28032,14891.1446561073,3038.5,1508,31373.25,0.148722888127854,21978.9341180101,-0.567802029747186
slide,slide5b2,immune-like,Mean.CD45,28032,382.858090753425,328,255,419,0.524115296803653,156.905265710066,0.918433327314741
slide,slide5b2,immune-like,Mean.CD3,28032,596.382420091324,441,300,619,0.262628424657534,406.355462981331,0.345264802065255
slide,slide5b2,immune-like,Mean.DAPI,28032,10689.3110373858,10008,6900.75,13710.25,0.280037100456621,8527.30280588067,0.273069192238465
slide,slide5b2,immune-like,Mean.MembraneStain,28032,1629.79787385845,1361,908,2027,0.287385844748858,1217.80264056955,0.332237305987322
slide,slide5b2,other/background,Mean.PanCK,18688,9608.7434182363,2811.5,1267,15012.25,0,22572.7456363204,-0.925430149623926
slide,slide5b2,other/background,Mean.CD45,18688,127.760648544521,134,89,172,0,282.62610348546,-0.74636255089905
slide,slide5b2,other/background,Mean.CD3,18688,376.422784674658,294,160,460,0.126872859589041,513.938990733464,-0.464891347160436
slide,slide5b2,other/background,Mean.DAPI,18688,7673.76043450342,7135,4569,10209,0.106752996575342,9926.53908577486,-0.324732164560386
slide,slide5b2,other/background,Mean.MembraneStain,18688,1036.94782748288,828,521,1264,0.0913420376712329,1490.66037322026,-0.470349193332111
slide,slide5b3,CAF/matrix-like,Mean.PanCK,3668,1527.65539803708,946,556.75,1452,0,10515.5846538569,-1.52291387102741
slide,slide5b3,CAF/matrix-like,Mean.CD45,3668,105.489640130862,111,75,139,0,195.483451989079,-0.53519944019331
slide,slide5b3,CAF/matrix-like,Mean.CD3,3668,173.874591057797,161,80.75,261,0.0823336968375136,228.926050677486,-0.320514261091607
slide,slide5b3,CAF/matrix-like,Mean.DAPI,3668,3117.7066521265,2916.5,2095,3930.25,0.11504907306434,3448.88417668223,0.0883662154607317
slide,slide5b3,CAF/matrix-like,Mean.MembraneStain,3668,856.504907306434,753,456,1101,0.0174482006543075,1730.50616244354,-0.644421767274114
slide,slide5b3,TGF/EMT stromal-interface,Mean.PanCK,4564,13706.8319456617,9243,1172.5,24755.5,0.33567046450482,9274.2983312877,0.468752257933774
slide,slide5b3,TGF/EMT stromal-interface,Mean.CD45,4564,136.635845749343,135,95,174,0,193.876974904029,-0.265986130353945
slide,slide5b3,TGF/EMT stromal-interface,Mean.CD3,4564,223.073181419807,221,134,312,0.210780017528484,224.350377353563,0.084310707063028
slide,slide5b3,TGF/EMT stromal-interface,Mean.DAPI,4564,3334.64855390009,3169.5,2313.5,4161,0.140666082383874,3430.77674770846,0.12381756665467
slide,slide5b3,TGF/EMT stromal-interface,Mean.MembraneStain,4564,1627.18930762489,1202,734,2126,0.205740578439965,1659.10150680281,-0.00689317531503431
slide,slide5b3,tumor epithelial-like,Mean.PanCK,12549,20893.4957367121,22246,11293,29171,0.563710255797275,5130.8634353966,1.99344269391413
slide,slide5b3,tumor epithelial-like,Mean.CD45,12549,148.54697585465,150,103,196,0,204.026032730632,-0.213050355267733
slide,slide5b3,tumor epithelial-like,Mean.CD3,12549,237.381225595665,234,148,324,0.246075384492788,218.762636927544,0.229628840396621
slide,slide5b3,tumor epithelial-like,Mean.DAPI,12549,3091.14383616224,3047,1829,4215,0.156426806916886,3556.925762175,-0.275191373395786
slide,slide5b3,tumor epithelial-like,Mean.MembraneStain,12549,2278.40640688501,1816,1045,3173,0.376364650569767,1397.87330077867,0.512704699912329
slide,slide5b3,immune-like,Mean.PanCK,16642,6040.52457637303,1655.5,1049.25,4940.75,0.0900132195649561,12098.8852565325,-0.64133364313011
slide,slide5b3,immune-like,Mean.CD45,16642,287.278512198053,265,209,327,0.517606056964307,124.617509059699,0.908351810919969
slide,slide5b3,immune-like,Mean.CD3,16642,253.436005287826,246,156,326,0.250871289508473,205.663665840168,0.35177717094603
slide,slide5b3,immune-like,Mean.DAPI,16642,4136.54362456436,3812,2667,5234,0.300024035572648,2966.00080106809,0.563990359678577
slide,slide5b3,immune-like,Mean.MembraneStain,16642,1573.3318110804,1268,851,1906,0.154849176781637,1707.99458325386,0.0564315152832551
slide,slide5b3,other/background,Mean.PanCK,9998,4938.62362472495,1643,800.25,7963,0,11209.1764204632,-0.789804403234478
slide,slide5b3,other/background,Mean.CD45,9998,101.599919983997,106,69,138,0,214.003499802185,-0.72543729637731
slide,slide5b3,other/background,Mean.CD3,9998,177.515903180636,145,58,253.75,0.106621324264853,238.423293466022,-0.5927517401281
slide,slide5b3,other/background,Mean.DAPI,9998,2753.27055411082,2617,1484,3875.75,0.119623924784957,3623.56952433123,-0.469034976015197
slide,slide5b3,other/background,Mean.MembraneStain,9998,1304.43048609722,981,567,1577,0.121124224844969,1762.58467999635,-0.386535807859879
slide,slide6,CAF/matrix-like,Mean.PanCK,13575,220.929134438306,120,54,228,0,2820.13248220181,-1.9283325765996
slide,slide6,CAF/matrix-like,Mean.CD45,13575,106.72876611418,106,81,130,0,164.70031420276,-0.35643556523285
slide,slide6,CAF/matrix-like,Mean.CD3,13575,222.685009208103,185,121,258,0.0137016574585635,887.957058956105,-0.712961716000805
slide,slide6,CAF/matrix-like,Mean.DAPI,13575,414.721399631676,393,293,514,0.0420626151012891,569.450211457132,-0.269031928065983
slide,slide6,CAF/matrix-like,Mean.MembraneStain,13575,2152.39012891344,1753,988.5,2883,0.0324861878453039,4242.8216070742,-0.539907140804574
slide,slide6,TGF/EMT stromal-interface,Mean.PanCK,9566,2235.37204683253,226,87,4117,0.204474179385323,2446.37726277097,-0.38186385926489
slide,slide6,TGF/EMT stromal-interface,Mean.CD45,9566,118.736671545055,117.5,91,144,0,160.328658828269,-0.213725274933176
slide,slide6,TGF/EMT stromal-interface,Mean.CD3,9566,251.038051432156,210,145,286,0.0163077566380932,850.96845338503,-0.517715716399436
slide,slide6,TGF/EMT stromal-interface,Mean.DAPI,9566,445.804829604851,418,317.25,547,0.0653355634538992,557.898411339661,-0.172117755390103
slide,slide6,TGF/EMT stromal-interface,Mean.MembraneStain,9566,3675.5340790299,2468.5,1300.25,4616,0.173531256533556,3953.90528462449,-0.0502112093128337
slide,slide6,tumor epithelial-like,Mean.PanCK,20712,6877.26931247586,6541,5028,8290,0.684144457319428,1072.99367422246,3.13871664885781
slide,slide6,tumor epithelial-like,Mean.CD45,20712,134.634704519119,138,108,164,0,162.295276167047,-0.0737769706990843
slide,slide6,tumor epithelial-like,Mean.CD3,20712,292.58651989185,223,150,307,0.039156044804944,936.28258068295,-0.498410675932267
slide,slide6,tumor epithelial-like,Mean.DAPI,20712,498.664928543839,470,333,632,0.135911548860564,560.161585544427,-0.118277764310428
slide,slide6,tumor epithelial-like,Mean.MembraneStain,20712,7023.32531865585,6011.5,3700.75,9357.25,0.50617999227501,2984.00065893516,1.08104631735977
slide,slide6,immune-like,Mean.PanCK,25564,1498.65553121577,349,161,1053,0.0833985291816617,2796.45737704918,-0.246987545701224
slide,slide6,immune-like,Mean.CD45,25564,235.465811297137,206,171,251,0.54263808480676,123.779555485498,0.655915668610319
slide,slide6,immune-like,Mean.CD3,25564,1909.24788765451,1018.5,290,2606,0.51881552182757,334.058149432535,1.42347017386236
slide,slide6,immune-like,Mean.DAPI,25564,686.359450790174,649,459,872,0.370442810201846,489.230926860025,0.360961524911541
slide,slide6,immune-like,Mean.MembraneStain,25564,3931.99644030668,2911,1810.75,4743,0.169926459083086,3920.75866960908,0.250885635476357
slide,slide6,other/background,Mean.PanCK,29609,1084.45958998953,201,86,585,0.0506264986997197,3091.32287229565,-1.19878148000497
slide,slide6,other/background,Mean.CD45,29609,124.635550001689,113,82,142,0.141612347597014,171.423335297584,-0.333693180931546
slide,slide6,other/background,Mean.CD3,29609,413.32027424094,214,119,400,0.119727110000338,972.517248926677,-0.503073995655957
slide,slide6,other/background,Mean.DAPI,29609,516.213617481171,477,323,664,0.168800027018812,560.625204141763,-0.0843952014200502
slide,slide6,other/background,Mean.MembraneStain,29609,2552.6793542504,1613,749,3032,0.0873045357830389,4607.59666638606,-0.783502556774288
overall,all,CAF/matrix-like,Mean.PanCK,74111,972.432918190282,238,72,808,0,6286.94205218068,-1.82133504685629
overall,all,CAF/matrix-like,Mean.CD45,74111,90.7153189135216,82,51,125,0,191.580788596759,-0.544182978220746
overall,all,CAF/matrix-like,Mean.CD3,74111,178.278420207527,143,78,239,0.028754166048225,402.478834764597,-0.446266658518907
overall,all,CAF/matrix-like,Mean.DAPI,74111,3505.29280403719,1746,924,4249.5,0.0903509600464169,4930.59646054542,-0.279257373463556
overall,all,CAF/matrix-like,Mean.MembraneStain,74111,1455.87745408914,887,341,1898,0.035203950830511,3256.87387024616,-0.80300144863356
overall,all,TGF/EMT stromal-interface,Mean.PanCK,73851,7556.98360211778,2403,354,8813,0.311559762223937,5455.2432824697,0.496353680483701
overall,all,TGF/EMT stromal-interface,Mean.CD45,73851,129.207404097439,114,71,173,0,186.687878513965,-0.174213081554152
overall,all,TGF/EMT stromal-interface,Mean.CD3,73851,230.772365980149,209,120,304,0.111941612165035,395.767661711058,-0.0795235500797649
overall,all,TGF/EMT stromal-interface,Mean.DAPI,73851,4143.41564772312,1921,1094,5458.5,0.118183910847517,4849.59112220064,-0.096777973251446
overall,all,TGF/EMT stromal-interface,Mean.MembraneStain,73851,2750.88709699259,1614,693,3660,0.152347293875506,3092.96525047797,-0.0519367657587608
overall,all,tumor epithelial-like,Mean.PanCK,177698,12443.0354984299,7454,3102,16426,0.584896847460298,3203.39024273978,2.55663898671369
overall,all,tumor epithelial-like,Mean.CD45,177698,135.712416571937,120,80,182,0,196.663685615513,-0.114437334144271
overall,all,tumor epithelial-like,Mean.CD3,177698,264.528261432318,235,145,330,0.190064041238506,418.847653432596,0.0914648820554298
overall,all,tumor epithelial-like,Mean.DAPI,177698,4710.13769991784,2091,1056,6689,0.153963466105415,4792.86236662991,-0.0359509589792104
overall,all,tumor epithelial-like,Mean.MembraneStain,177698,4043.48872806672,2573,1070,6064,0.311669236569911,2690.5359156214,0.550328625741734
overall,all,immune-like,Mean.PanCK,219167,4485.81144059096,1038,261,3735,0.109952684482609,6288.94831108582,-0.229959085596247
overall,all,immune-like,Mean.CD45,219167,319.071511678309,239,168,348,0.544872175099354,111.274319026445,1.00451288751251
overall,all,immune-like,Mean.CD3,219167,664.500075285057,295,185,448,0.355409345385026,234.591613135823,0.703581537894972
overall,all,immune-like,Mean.DAPI,219167,6119.92934155233,2849,1522.5,8923,0.319619285750136,4100.04295467583,0.472112651987559
overall,all,immune-like,Mean.MembraneStain,219167,3740.88133249987,2371,1086,5326,0.254655125999808,2713.70013808804,0.62020447598651
overall,all,other/background,Mean.PanCK,190952,2570.88981000461,492,100,2144,0.0211885709497675,6959.78615542646,-1.34234186098664
overall,all,other/background,Mean.CD45,190952,96.5416858687,83,51,130,0.0703161003812476,214.325463837115,-0.712146755044945
overall,all,other/background,Mean.CD3,190952,228.048184884159,137,69,252,0.0992867317441032,438.051751989396,-0.633753822186894
overall,all,other/background,Mean.DAPI,190952,3740.60284783611,1720,895,4038,0.147921990866815,5189.74209889225,-0.348226171677433
overall,all,other/background,Mean.MembraneStain,190952,1953.79815869957,953,384,2275,0.0968201432820814,3502.70065297354,-0.812695354231856
