Patient,module,immune,stromal_fibroblast,tumor_epithelial,stromal_minus_tumor,immune_minus_tumor,fibroblast_minus_nonfibroblast,nonfibroblast,tme_like,tme_minus_tumor
MGH003,caf_mycaf,-0.424807166581441,1.55519594314426,-0.76692091691863,2.32211686006289,0.34211375033719,2.17106773165193,-0.615871788507662,-0.090139391463263,0.676781525455367
MGH003,pancaf_matrix,-0.209888224646979,0.763412744398385,-0.879332693656891,1.64274543805528,0.669444469009912,1.44860616318274,-0.685193418784354,-0.0553116993093912,0.8240209943475
MGH003,myeloid_macrophage,1.09014836424752,-0.382317680361151,-0.460610168105156,0.078292487744005,1.55075853235267,-0.315316818102412,-0.0670008622587389,0.243953377655692,0.704563545760848
MGH003,spp1_tam,0.300635549358773,-0.171571575646709,0.0237153333003584,-0.195286908947068,0.276920216058414,-0.32628170684256,0.154710131195851,-0.0795316970603393,-0.103247030360698
MGH003,tgfb_emt,-0.112213430348398,0.178036091784564,-0.632361655259384,0.810397747043948,0.520148224910987,0.742739985163315,-0.564703893378751,0.104387433231242,0.736749088490626
MGH003,ifn_apc,0.245941181919196,-0.433418573484009,-0.519217764203797,0.0857991907197887,0.765158946122993,-0.213667405656796,-0.219751167827213,-0.0546641264428266,0.464553637760971
MGH003,immune_core,0.35717862363787,-0.45285947927807,-0.652914120836372,0.200054641558302,1.01009274447424,-0.213879131363307,-0.238980347914763,-0.00883969862409952,0.644074422212272
MGH003,t_cell,0.657963300225398,-0.630563889791726,-1.05469838646777,0.424134496676046,1.71266168669317,-0.142807460540789,-0.487756429250937,-0.143232645150183,0.911465741317589
MGH003,b_plasma,-0.221451153172169,-0.591009632060382,-0.47757339707214,-0.113436234988243,0.256122243899971,-0.155124327015103,-0.43588530504528,-0.444132843380567,0.0334405536915725
MGH003,tumor_epithelial,-0.54624735991412,-0.0665274827240119,1.33997344813192,-1.40650093085593,-1.88622080804604,-0.456174073130602,0.38964659040659,-0.464539251557096,-1.80451269968902
MGH003,tumor_aggressive,-0.474615335786103,-0.222139860163572,0.880845093160468,-1.10298495332404,-1.35546042894657,-0.0959942887342217,-0.126145571429351,-0.355304596952021,-1.23614969011249
MGH004,caf_mycaf,-0.645792312191344,0.279317457585753,-0.765911491359818,1.04522894894557,0.120119179168474,0.993289315767369,-0.713971858181616,-0.308047278073716,0.457864213286103
MGH004,pancaf_matrix,-0.438335331072819,0.526842443948195,-0.698723617418168,1.22556606136636,0.260388286345349,1.12512870544455,-0.598286261496355,-0.120860069066139,0.57786354835203
MGH004,myeloid_macrophage,0.840349578847548,-0.00372412186725542,-0.418086897318857,0.414362775451602,1.25843647616641,0.0689542426162506,-0.072678364483506,0.30590682733091,0.723993724649767
MGH004,spp1_tam,-0.123436892727958,-0.523789030614467,-0.375286033397683,-0.148502997216784,0.251849140669725,-0.266816777801168,-0.256972252813299,-0.33614368759339,0.0391423458042935
MGH004,tgfb_emt,-0.182815312831524,0.302046715456717,0.0275107098081422,0.274536005648575,-0.210326022639666,0.389233785789133,-0.0871870703324154,-0.064120630132023,-0.0916313399401652
MGH004,ifn_apc,1.45096548356444,0.811247802445008,1.90193922457289,-1.09069142212788,-0.450973741008455,-0.959669018477805,1.77091682092281,1.12246905332276,-0.779470171250131
MGH004,immune_core,2.22634091696434,0.565752184190827,0.718521569659596,-0.152769385468769,1.50781934730475,-0.638251562457451,1.20400374664828,0.949398036447916,0.230876466788321
MGH004,t_cell,1.59696359981804,0.0902198118115865,-0.372489272292427,0.462709084104014,1.96945287211047,-0.0317241493685135,0.1219439611801,0.305645307515291,0.678134579807718
MGH004,b_plasma,0.108796342710268,0.0214205994403632,-0.0991052013453348,0.120525800785698,0.207901544055603,-0.0116995493788,0.0331201488191632,0.102802905378564,0.201908106723899
MGH004,tumor_epithelial,-0.572987075273042,-0.614638482786365,-0.398264687457869,-0.216373795328496,-0.174722387815173,-0.171102146431302,-0.443536336355063,-0.59452774077853,-0.196263053320661
MGH004,tumor_aggressive,-0.078940774615766,-0.15452843213697,1.33660117860401,-1.49112961074098,-1.41554195321978,-0.925206358272955,0.770677926135986,-0.130738012363663,-1.46733919096767
MGH007,caf_mycaf,-0.494643306369797,0.185333007682249,-0.745145153604009,0.930478161286258,0.250501847234212,0.821760163780449,-0.636427156098199,-0.385358579029699,0.35978657457431
MGH007,pancaf_matrix,-0.268288183099667,0.125051091208142,-0.492572133493388,0.61762322470153,0.224283950393721,0.508713903290383,-0.383662812082241,-0.173011188850821,0.319560944642567
MGH007,myeloid_macrophage,0.674405170962332,-0.617373454161165,-0.821528019231037,0.204154565069873,1.49593319019337,-0.229866070007745,-0.38750738415342,0.0167216900102501,0.838249709241287
MGH007,spp1_tam,0.511808817064606,-0.368560118016416,-0.162406263586403,-0.206153854430013,0.674215080651009,-0.431653848766407,0.0630937307499919,0.304618090458412,0.467024354044815
MGH007,tgfb_emt,-0.226792606986696,-0.197421462252711,-0.0405358096580973,-0.156885652594613,-0.186256797328599,-0.0633273960790059,-0.134094066173705,-0.216701365338347,-0.17616555568025
MGH007,ifn_apc,0.223397145003633,-0.278899537155178,-0.253659840239511,-0.0252396969156669,0.477056985243145,-0.196522959678862,-0.0823765774763165,0.0565101550944879,0.310169995333999
MGH007,immune_core,-0.273449432030774,-0.522234760206108,-0.689204378594259,0.166969618388151,0.415754946563485,0.101086285753067,-0.623321045959175,-0.353615747435617,0.335588631158642
MGH007,t_cell,-0.405328099353125,-0.787520821103179,-1.14646380549177,0.358942984388596,0.74113570613865,0.252041697408764,-1.03956251851194,-0.697515058086714,0.448948747405061
MGH007,b_plasma,-0.340454674947111,-0.145285256879868,-0.275959440876078,0.13067418399621,-0.0644952340710327,0.157156110938127,-0.302441367817995,-0.313084763675151,-0.0371253227990734
MGH007,tumor_epithelial,0.139867059386484,0.348822141080831,1.37489111729576,-1.02606897621492,-1.23502405790927,-0.562122674554222,0.910944815635053,0.234203206605605,-1.14068791069015
MGH007,tumor_aggressive,0.264779658213774,0.288978904475028,1.73670934882543,-1.4477304443504,-1.47192969061165,-0.712545452537788,1.00152435701282,0.288978904475028,-1.4477304443504
MGH011,caf_mycaf,-0.133246167005097,1.51864650037038,-0.666718796153625,2.18536529652401,0.533472629148528,1.92689089638669,-0.408244396016312,0.340378313289927,1.00709710944355
MGH011,pancaf_matrix,0.379480213414856,1.02091362393514,-0.792611680671229,1.81352530460636,1.17209189408608,1.35072145339084,-0.329807829455704,0.536191081840871,1.3288027625121
MGH011,myeloid_macrophage,0.360511690890538,-0.387655104397707,-0.600204729992729,0.212549625595022,0.960716420883267,-0.202877021213459,-0.184778083184248,0.166490050064117,0.766694780056846
MGH011,spp1_tam,0.734475888909076,0.0592898875440606,0.42731209228162,-0.368022204737559,0.307163796627456,-0.511190037851893,0.570479925395954,0.182415860354389,-0.244896231927231
MGH011,tgfb_emt,0.241260765960273,0.497183403675603,-0.538334130386741,1.03551753406234,0.779594896347014,0.828168290583886,-0.330984886908283,0.326033480239216,0.864367610625957
MGH011,ifn_apc,0.449572549464213,-0.354200602706716,-0.342456564167865,-0.0117440385388505,0.792029113632079,-0.208496371060312,-0.145704231646404,-0.112527649803432,0.229928914364434
MGH011,immune_core,0.134171205368462,-0.380251006364745,-0.615160178017389,0.234909171652645,0.749331383385852,-0.00972761663535326,-0.370523389729391,-0.147779460898198,0.467380717119191
MGH011,t_cell,0.646154209279999,-0.547385285432043,-0.956024273887071,0.408638988455027,1.60217848316707,0.134603996121994,-0.681989281554038,-0.0373286547640825,0.918695619122988
MGH011,b_plasma,0.0867159792949402,-0.253263710938718,-0.297272194057729,0.0440084831190105,0.383988173352669,-0.0326093220912125,-0.220654388847506,-0.119281280847845,0.177990913209884
MGH011,tumor_epithelial,-0.0990751601863052,-0.034192674073891,2.6784955526741,-2.71268822674799,-2.77757071286041,-2.03694001008787,2.00274733601398,-0.0990751601863052,-2.77757071286041
MGH011,tumor_aggressive,-0.422187783485668,-0.38255724225884,0.175814390846754,-0.558371633105595,-0.598002174332422,-0.373726521842558,-0.00883072041628229,-0.38255724225884,-0.558371633105595
MGH2462,caf_mycaf,-0.433485257490969,1.75306108106482,-0.687255963089479,2.4403170441543,0.25377070559851,2.24094894726507,-0.487887866200255,0.584846869112458,1.27210283220194
MGH2462,pancaf_matrix,-0.377834808163688,1.52240241273871,-0.726832675996781,2.24923508873549,0.348997867833094,1.93808471960735,-0.415682306868637,0.912553096419592,1.63938577241637
MGH2462,myeloid_macrophage,1.03010541676787,-0.361699583741468,-0.402678670445506,0.0409790867040376,1.43278408721338,-0.501881585054452,0.140182001312984,0.102878620681088,0.505557291126594
MGH2462,spp1_tam,0.106556841485989,-0.595842555692279,-0.100809198533493,-0.495033357158786,0.207366040019482,-0.548844813540295,-0.0469977421519835,-0.41456634576484,-0.313757147231347
MGH2462,tgfb_emt,-0.156196723196618,0.478826017577314,-0.253488425003397,0.73231444258071,0.0972917018067783,0.677782299639473,-0.19895628206216,0.185125001539347,0.438613426542743
MGH2462,ifn_apc,0.499435308764086,-0.516263684472162,-0.501470021542876,-0.0147936629292861,1.00090533030696,-0.443332522507837,-0.0729311619643253,-0.0911007933130437,0.410369228229832
MGH2462,immune_core,0.516790607116716,0.0278175336680502,-0.124137433632225,0.151954967300275,0.640928040748941,-0.225464658248565,0.253282191916615,0.218178107325194,0.342315540957419
MGH2462,t_cell,0.791753585815812,0.159726098922164,-0.178484166417987,0.338210265340151,0.9702377522338,0.00392910965397314,0.155796989268191,0.201220035837493,0.379704202255481
MGH2462,b_plasma,-0.00679290248191842,0.175815997740391,-0.0850514226455971,0.260867420385988,0.0782585201636787,0.20596407076828,-0.0301480730278883,0.0184854070535641,0.103536829699161
MGH2462,tumor_epithelial,-0.708352562860973,-0.68415306604788,0.0305572333280761,-0.714710299375956,-0.738909796189049,-0.0766749546571888,-0.607478111390692,-0.694052891396628,-0.724610124724704
MGH2462,tumor_aggressive,-0.541458923043594,-0.513307909336464,0.717190446630982,-1.23049835596745,-1.25864936967458,-0.10292139056284,-0.410386518773624,-0.524655624589364,-1.24184607122035
MGH2490,caf_mycaf,-0.411750274422882,0.084186531513825,-0.643744682630975,0.7279312141448,0.231994408208093,0.618193479915076,-0.534006948401251,-0.215536492466285,0.42820819016469
MGH2490,pancaf_matrix,-0.288712858468784,-0.0993066583929942,-0.692704921411448,0.593398263018454,0.403992062942664,0.43189112751268,-0.531197785905674,-0.266848488054808,0.42585643335664
MGH2490,myeloid_macrophage,0.444596991001131,-0.342303230040741,-0.381299562243883,0.0389963322031423,0.825896553245014,-0.124728578560236,-0.217574651480505,-0.049151028388602,0.332148533855281
MGH2490,spp1_tam,-0.463361543494154,-0.620477942803668,-0.324300604475183,-0.296177338328485,-0.139060939018971,-0.237593433982362,-0.382884508821306,-0.497475996300873,-0.173175391825689
MGH2490,tgfb_emt,-0.213176182469437,-0.321241471207981,-0.523675830842398,0.202434359634417,0.310499648372961,0.0911354150182935,-0.412376886226275,-0.253733477292405,0.269942353549994
MGH2490,ifn_apc,-0.0876374201304488,-0.40669448377868,-0.630316189646995,0.223621705868315,0.542678769516546,0.0576145806164826,-0.464309064395163,-0.358461140190206,0.271855049456789
MGH2490,immune_core,-0.00851000804793228,-0.114927038321901,-0.324124232219381,0.20919719389748,0.315614224171449,0.0659077449753439,-0.180834783297245,-0.0709969263955599,0.253127305823821
MGH2490,t_cell,0.374924988722722,-0.25504345884463,-0.427472107702051,0.172428648857421,0.802397096424773,-0.0495341340653495,-0.20550932477928,-0.0633090187931503,0.3641630889089
MGH2490,b_plasma,0.540870951180123,-0.0549537932074134,-0.302883097723191,0.247929304515777,0.843754048903314,0.0697246310253008,-0.124678424232714,-0.00884965569163671,0.294033442031554
MGH2490,tumor_epithelial,-0.63603059370015,-0.578102399508731,-0.0982055369919325,-0.479896862516798,-0.537825056708218,-0.183581339142694,-0.394521060366037,-0.618487274604012,-0.520281737612079
MGH2490,tumor_aggressive,-0.514004909508224,-0.494985986516653,-0.296585961110794,-0.198400025405859,-0.21741894839743,-0.100291125418153,-0.3946948610985,-0.511747339513685,-0.21516137840289
MGH2523,caf_mycaf,-0.123180676808975,1.4204014197075,-0.630932071867888,2.05133349157539,0.507751395058913,1.61641887158381,-0.196017451876304,0.4515103051248,1.08244237699269
MGH2523,pancaf_matrix,-0.00682735832409997,1.21133252017805,-0.729047857355388,1.94038037753344,0.722220499031288,1.36740839380818,-0.156075873630124,0.435734160518999,1.16478201787439
MGH2523,myeloid_macrophage,0.566280338583228,-0.416005358920379,-0.604740316222921,0.188734957302542,1.17102065480615,-0.0825619322899578,-0.333443426630422,-0.260849268493282,0.34389104772964
MGH2523,spp1_tam,-0.0526263618297496,-0.157647689559142,0.310700154411297,-0.46834784397044,-0.363326516241047,-0.348200554055508,0.190552864496366,-0.0814618903802765,-0.392162044791574
MGH2523,tgfb_emt,0.0772613475180823,0.604475775091231,0.421910412214442,0.182565362876788,-0.34464906469636,0.317798060743635,0.286677714347596,0.449197919056148,0.0272875068417052
MGH2523,ifn_apc,0.00270370075841935,-0.401466470967751,-0.342468064415859,-0.0589984065518928,0.345171765174278,-0.0864070636365126,-0.315059407331239,-0.355798322265545,-0.0133302578496869
MGH2523,immune_core,0.190507995309301,-0.151365361773492,-0.466792384048326,0.315427022274835,0.657300379357627,0.203698856618156,-0.355064218391648,-0.107027310804573,0.359765073243753
MGH2523,t_cell,0.64053211982917,-0.124788902428962,-0.623621164888993,0.498832262460031,1.26415328471816,0.251282910278727,-0.376071812707688,-0.0317324593645081,0.591888705524484
MGH2523,b_plasma,-0.261293408136174,-0.216641360554857,-0.148240724770385,-0.0684006357844719,-0.113052683365788,-0.0650805404517621,-0.151560820103095,-0.216641360554857,-0.0684006357844719
MGH2523,tumor_epithelial,-0.577206251143015,-0.584124600485245,0.461343290944113,-1.04546789142936,-1.03854954208713,-0.323706672089806,-0.260417928395438,-0.584124600485245,-1.04546789142936
MGH2523,tumor_aggressive,-0.4689403216884,-0.38007721116518,0.947782473160868,-1.32785968432605,-1.41672279484927,-0.373522177007725,-0.00655503415745437,-0.423486067662045,-1.37126854082291
MGH2540,caf_mycaf,-0.270659812994611,1.37553241556431,-0.668605279416962,2.04413769498128,0.397945466422351,1.80936802796927,-0.433835612404954,0.222391264619138,0.890996544036099
MGH2540,pancaf_matrix,-0.247063420688246,1.64875172095394,-0.51292180304031,2.16167352399425,0.265858382352064,1.98741114014082,-0.338659419186877,0.287915071411312,0.800836874451622
MGH2540,myeloid_macrophage,1.3935925896072,-0.385311503775039,-0.488742728078485,0.103431224303446,1.88233531768568,-0.00509575715329041,-0.380215746621749,-0.312508609623774,0.176234118454711
MGH2540,spp1_tam,0.160516076436874,-0.460752722937883,-0.211926317339688,-0.248826405598195,0.372442393776562,-0.272990648828151,-0.187762074109732,-0.417777353536732,-0.205851036197044
MGH2540,tgfb_emt,-0.18893867116656,0.642776217113127,0.11598468530471,0.526791531808417,-0.30492335647127,0.648109223964398,-0.00533300685127177,0.264431897894234,0.148447212589524
MGH2540,ifn_apc,0.75685683448238,-0.304618137336667,-0.28863996490453,-0.0159781724321363,1.04549679938691,-0.382852294337586,0.0782341570009191,-0.0128944302246889,0.275745534679842
MGH2540,immune_core,0.673265008876974,0.0596653864631297,-0.154758908532948,0.214424294996078,0.828023917409922,0.125752474098371,-0.0660870876352411,0.0858446384720779,0.240603547005026
MGH2540,t_cell,1.15657147566941,0.058054104523238,-0.225807435218602,0.28386153974184,1.38237891088801,0.204871491185375,-0.146817386662137,0.116747584822621,0.342555020041223
MGH2540,b_plasma,-0.360176399503751,0.403423518905756,-0.116723564829624,0.52014708373538,-0.243452834674126,0.571381308694187,-0.167957789788431,0.173212395282157,0.289935960111781
MGH2540,tumor_epithelial,-0.651492626617606,-0.647636209020741,0.00390540502747447,-0.651541614048216,-0.65539803164508,-0.267481608516088,-0.380154600504653,-0.649564417819173,-0.653469822846648
MGH2540,tumor_aggressive,-0.367304738106837,-0.411616907418106,1.06395852124143,-1.47557542865954,-1.43126325934827,-0.554164380112612,0.142547472694506,-0.375477133205541,-1.43943565444697
MGH2591,caf_mycaf,-0.692458701469831,-0.498752629407834,-0.734753016097009,0.236000386689176,0.0422943146271787,0.217561404339225,-0.716314033747059,-0.664521191967188,0.0702318241298218
MGH2591,pancaf_matrix,-0.544426988376378,-0.410481748683701,-0.595151105415601,0.1846693567319,0.0507241170392232,0.17001086217804,-0.580492610861741,-0.505882501582703,0.0892686038328979
MGH2591,myeloid_macrophage,0.173859952963914,-0.462929951115338,-0.402276754877103,-0.0606531962382357,0.576136707841017,-0.176601273587527,-0.286328677527811,-0.289687855087356,0.112588899789746
MGH2591,spp1_tam,-0.469768834373298,-0.769788857775227,-0.413450788899001,-0.356338068876226,-0.0563180454742971,-0.32980160864707,-0.439987249128157,-0.681787424626919,-0.268336635727918
MGH2591,tgfb_emt,-0.301606543631285,-0.19857205126893,0.344244076910224,-0.542816128179154,-0.645850620541509,-0.268827938088077,0.0702558868191474,-0.216741933559952,-0.560986010470176
MGH2591,ifn_apc,-0.0803277742997018,-0.499854360927633,-0.297224289326709,-0.202630071600924,0.216896515027008,-0.222631450753973,-0.27722291017366,-0.456728721622802,-0.159504432296093
MGH2591,immune_core,-0.0730675601740833,-0.0652608198694791,-0.14235949787942,0.0770986780099412,0.0692919377053371,0.0741500293176562,-0.139410849187135,-0.0730675601740833,0.0692919377053371
MGH2591,t_cell,0.177212485263914,0.168457612149957,-0.180775109590257,0.349232721740214,0.357987594854171,0.228919556315793,-0.0604619441658359,0.177212485263914,0.357987594854171
MGH2591,b_plasma,0.0174631596285317,0.0243780395493599,-0.0664057786032578,0.0907838181526177,0.0838689382317895,0.0612864793982933,-0.0369084398489334,0.0174631596285317,0.0838689382317895
MGH2591,tumor_epithelial,-0.451073750525957,-0.57007513957245,0.0655765400476742,-0.635651679620125,-0.516650290573631,-0.383598384970551,-0.1864767546019,-0.535313899630349,-0.600890439678024
MGH2591,tumor_aggressive,-0.196932152509224,-0.0833406157302196,0.745856176882051,-0.82919679261227,-0.942788329391275,-0.502031395302792,0.418690779572573,-0.136451178822885,-0.882307355704936
MGH2603,caf_mycaf,-0.225378805117983,2.20166155549678,-0.629875199014463,2.83153675451125,0.40449639389648,2.67905053829146,-0.477388982794674,0.474177033802852,1.10405223281731
MGH2603,pancaf_matrix,-0.127586731953772,1.90384548901608,-0.741153745520677,2.64499923453676,0.613567013566905,2.46581787461528,-0.561972385599198,0.424501744255389,1.16565548977607
MGH2603,myeloid_macrophage,0.162805146188738,-0.524305886554768,-0.716011836258408,0.19170594970364,0.878816982447146,-0.115393448471393,-0.408912438083375,-0.159908391644914,0.556103444613494
MGH2603,spp1_tam,0.171980186691302,0.140540566425448,1.56047154747663,-1.41993098105119,-1.38849136078533,-0.640810241109261,0.781350807534708,0.140540566425448,-1.41993098105119
MGH2603,tgfb_emt,0.151860658774014,0.813528900802797,-0.151251559083098,0.964780459885895,0.303112217857112,0.912668553438438,-0.0991396526356414,0.590405164032678,0.741656723115777
MGH2603,ifn_apc,0.0696450324858052,-0.368400113935054,-0.530021564179176,0.161621450244122,0.599666596664982,0.0978927653456113,-0.466292879280665,-0.310682186342829,0.219339377836348
MGH2603,immune_core,0.276870464821155,-0.357461545876727,-0.545497056787089,0.188035510910362,0.822367521608244,0.06081228615145,-0.418273832028177,-0.316660591193506,0.228836465593583
MGH2603,t_cell,-0.0507128938569642,-0.619803091398756,-0.842309397175592,0.222506305776836,0.791596503318628,0.137701415623682,-0.757504507022438,-0.513445313727365,0.328864083448227
MGH2603,b_plasma,2.83690318028855,0.0599641153954151,-0.234537306434777,0.294501421830193,3.07144048672333,-0.183686779930325,0.24365089532574,0.693575691214912,0.928112997649689
MGH2603,tumor_epithelial,-0.549951749525041,-0.476907134955064,1.31072798104841,-1.78763511600347,-1.86067973057345,-0.450719490260095,-0.0261876446949691,-0.498035461081953,-1.80876344213036
MGH2603,tumor_aggressive,-0.364325735226333,-0.316479804529773,1.66340333854384,-1.97988314307361,-2.02772907377017,-0.768095882985392,0.451616078455619,-0.352008846646777,-2.01541218519061
MGH2626,caf_mycaf,-0.107105826667641,1.83215627171176,-0.621412781475725,2.45356905318748,0.514306954808084,2.25052329820206,-0.418367026490302,0.715774982352605,1.33718776382833
MGH2626,pancaf_matrix,-0.186802561808431,1.80820143519978,-0.755727046854999,2.56392848205478,0.568924485046568,2.07428122861699,-0.266079793417212,0.789121443943192,1.54484849079819
MGH2626,myeloid_macrophage,0.622182495197363,-0.13439941060492,-0.52467241000928,0.390272999404359,1.14685490520664,0.0377464004571474,-0.172145811062068,0.0821518648599295,0.606824274869209
MGH2626,spp1_tam,0.174917995148104,-0.156422615081801,0.336384961250063,-0.492807576331864,-0.161466966101958,-0.460733002207487,0.304310387125685,-0.0411610719600749,-0.377546033210138
MGH2626,tgfb_emt,-0.0860412492056404,0.79789775801633,-0.557753760575863,1.35565151859219,0.471712511370223,1.03679080940297,-0.238893051386643,0.633952448156374,1.19170620873224
MGH2626,ifn_apc,0.56845414616964,-0.165342330559827,-0.14089068062456,-0.0244516499352665,0.7093448267942,-0.126877557828668,-0.0384647727311585,-0.0718699342826848,0.0690207463418756
MGH2626,immune_core,-0.167727238677764,-0.385944213788008,-0.652789226268755,0.266845012480747,0.485061987590992,0.12496191062385,-0.510906124411857,-0.317163682346618,0.335625543922137
MGH2626,t_cell,0.130790540654948,-0.42351800008135,-0.955732118789674,0.532214118708324,1.08652265944462,0.245860805208432,-0.669378805289781,-0.226245720361529,0.729486398428145
MGH2626,b_plasma,0.0249204459456954,0.101407905433153,-0.490885083965587,0.592292989398739,0.515805529911282,0.428011508811708,-0.326603603378555,0.025364420785749,0.516249504751336
MGH2626,tumor_epithelial,-0.349691827894439,-0.312280272923692,1.36252655418241,-1.6748068271061,-1.71221838207685,-0.850421448091052,0.53814117516736,-0.32684153236279,-1.6893680865452
MGH2626,tumor_aggressive,-0.429262175692938,-0.415470313017139,0.308513067200411,-0.72398338021755,-0.737775242893349,-0.281668845934968,-0.133801467082171,-0.422366244355039,-0.73087931155545
MGH2675,caf_mycaf,-0.462222590352872,0.906543670083197,-0.716364985578093,1.62290865566129,0.254142395225221,1.54868623087899,-0.642142560795795,0.0669164676710019,0.783281453249095
MGH2675,pancaf_matrix,-0.489138409412476,1.11725883207932,-0.727328564131033,1.84458739621035,0.238190154718557,1.67929945660669,-0.562040624527371,-0.0555704395614602,0.671758124569572
MGH2675,myeloid_macrophage,-0.219496423369567,-0.319192572485293,-0.489884340410683,0.17069176792539,0.270387917041116,0.066517210664193,-0.385709783149486,-0.305215078837175,0.184669261573508
MGH2675,spp1_tam,-0.496015274407303,-0.440251070626469,0.46885378553827,-0.909104856164739,-0.964869059945573,-0.530036185498113,0.0897851148716445,-0.444419997560554,-0.913273783098824
MGH2675,tgfb_emt,-0.228663798014522,0.318396141318596,-0.362870327174332,0.681266468492928,0.134206529159809,0.628344088763625,-0.309947947445029,0.177806623800936,0.540676950975268
MGH2675,ifn_apc,-0.239040667195258,-0.387444331116486,-0.336593806688617,-0.0508505244278694,0.0975531394933584,-0.0651011617560471,-0.322343169360439,-0.346389755057266,-0.00979594836864983
MGH2675,immune_core,0.184947144416714,0.0724793753110414,-0.13903975353416,0.211519128845202,0.323986897950874,0.0772572348819679,-0.00477785957092643,0.0846139186701797,0.22365367220434
MGH2675,t_cell,0.64873803688613,0.152271521239894,-0.254229931830478,0.406501453070372,0.902967968716608,0.210194882938083,-0.0579233616981891,0.199430211305159,0.453660143135637
MGH2675,b_plasma,0.252842003513747,0.326035235182091,-0.0844979799976133,0.410533215179704,0.337339983511361,0.395332320170748,-0.0692970849886575,0.318315287081263,0.402813267078877
MGH2675,tumor_epithelial,-0.67713439008251,-0.644923789861627,0.270977324962152,-0.915901114823779,-0.948111715044662,-0.518929219571516,-0.12599457029011,-0.65993249289758,-0.930909817859732
MGH2675,tumor_aggressive,-0.491877128523381,-0.463709469581367,0.409830556357012,-0.873540025938379,-0.901707684880394,-0.590337972038139,0.126628502456773,-0.479053704174895,-0.888884260531907
MGH2692,caf_mycaf,-0.478668464579879,0.584916971361484,-0.719754098502215,1.3046710698637,0.241085633922336,1.25328524939531,-0.668368278033827,-0.0337886571433108,0.685965441358904
MGH2692,pancaf_matrix,-0.473409917715524,0.342908269080228,-0.697519779945717,1.04042804902595,0.224109862230193,0.893190726870287,-0.550282457790059,0.0188336103147151,0.716353390260432
MGH2692,myeloid_macrophage,0.454573666442517,-0.244678764596994,-0.340216994384386,0.0955382297873923,0.794790660826903,-0.0111465195882541,-0.23353224500874,0.0082996753227088,0.348516669707095
MGH2692,spp1_tam,-0.389347614815004,-0.533512084161759,-0.350354415552029,-0.183157668609729,-0.0389931992629746,-0.173826458279545,-0.359685625882213,-0.469699220790132,-0.119344805238102
MGH2692,tgfb_emt,-0.122332757172006,0.158523770655778,-0.337774086260586,0.496297856916364,0.21544132908858,0.312024294571052,-0.153500523915274,0.0117578499924678,0.349531936253054
MGH2692,ifn_apc,0.381766119720101,-0.126804758651701,-0.250860207391165,0.124055448739464,0.632626327111265,0.0572327023123047,-0.184037460964005,0.0882944632878293,0.339154670678994
MGH2692,immune_core,0.441446538464437,0.0725305129648892,-0.0930480679232277,0.165578580888117,0.534494606387665,0.102612315283029,-0.0300818023181398,0.120819789410398,0.213867857333626
MGH2692,t_cell,1.01059638823735,0.21276071974088,-0.170301221234038,0.383061940974918,1.18089760947139,0.190064134927281,0.0226965848135998,0.471497149442402,0.641798370676439
MGH2692,b_plasma,-0.0775008802935282,-0.0156303102133818,0.652406932208049,-0.66803724242143,-0.729907812501577,-0.290128742813276,0.274498432599895,-0.0502293948828261,-0.702636327090875
MGH2692,tumor_epithelial,-0.641714495945837,-0.522689685430616,0.308752624057985,-0.831442309488601,-0.950467120003822,-0.252010440665864,-0.270679244764752,-0.625712727969142,-0.934465352027127
MGH2692,tumor_aggressive,-0.527785608144489,-0.457574489471382,-0.0929366911430773,-0.364637798328305,-0.434848917001412,-0.109366909841307,-0.348207579630075,-0.51663985978555,-0.423703168642472
MGH2762,caf_mycaf,0.00848301981860867,1.59578810665989,-0.603011207373894,2.19879931403379,0.611494227192502,1.97477335784068,-0.378985251180792,0.443625722683423,1.04663693005732
MGH2762,pancaf_matrix,0.250599295540485,1.81304149315742,-0.635333559930234,2.44837505308765,0.885932855470719,2.16426420941227,-0.351222716254855,0.695197971459261,1.3305315313895
MGH2762,myeloid_macrophage,0.722594926230361,-0.272474867963776,-0.473755721924864,0.201280853961088,1.19635064815523,-0.1150481484785,-0.157426719485276,-0.0158186706920322,0.457937051232832
MGH2762,spp1_tam,0.079579970085127,-0.404333124912036,0.0829213216800327,-0.487254446592069,-0.00334135159490566,-0.485583770794616,0.0812506458825798,-0.254087660770811,-0.337008982450844
MGH2762,tgfb_emt,0.12892098858681,0.687682061487442,-0.139198066272191,0.826880127759634,0.268119054859001,0.703156806999427,-0.0154747455119846,0.304302777971418,0.443500844243609
MGH2762,ifn_apc,0.740506121553728,-0.194885509347138,-0.150280121878989,-0.0446053874681489,0.890786243432717,-0.187808686136117,-0.00707682321102071,0.0360095988866398,0.186289720765629
MGH2762,immune_core,0.832718938231473,-0.0539778006461374,-0.183870211205372,0.129892410559234,1.01658914943684,-0.0966315423649254,0.0426537417187879,0.200849847964209,0.384720059169581
MGH2762,t_cell,1.91727093377903,0.0196688984445729,-0.297691220745067,0.31736011918964,2.21496215452409,-0.158028761497522,0.177697659942095,0.420797508702182,0.718488729447248
MGH2762,b_plasma,0.09119176356627,0.355078562698206,0.0159049546295324,0.339173608068673,0.0752868089367375,0.321902393317144,0.0331761693810618,0.155051134090804,0.139146179461271
MGH2762,tumor_epithelial,-0.636894552601906,-0.629813785126419,0.543326115501252,-1.17313990062767,-1.18022066810316,-0.504216869065649,-0.125596916060771,-0.636894552601906,-1.18022066810316
MGH2762,tumor_aggressive,-0.506466462488496,-0.499328845862639,0.634278799157512,-1.13360764502015,-1.14074526164601,-0.342796853341928,-0.15653199252071,-0.505817605177525,-1.14009640433504
MGH2766,caf_mycaf,-0.0554332863941077,0.88379828665217,-0.705040546990148,1.58883883364232,0.64960726059604,1.20971413605823,-0.325915849406058,0.312713793226249,1.0177543402164
MGH2766,pancaf_matrix,0.188742112269006,0.673668370650574,-0.780171315631775,1.45383968628235,0.968913427900781,0.766070176877916,-0.0924018062273424,0.248809414347677,1.02898072997945
MGH2766,myeloid_macrophage,0.233917101140318,-0.478044973773519,-0.516140849178059,0.0380958754045398,0.750057950318377,-0.274726116025142,-0.203318857748377,-0.0810724976295606,0.435068351548498
MGH2766,spp1_tam,-0.289602488920394,-0.009960175833128,1.69817440990649,-1.70813458573962,-1.98777689882688,-0.20087691180503,0.190916735971902,-0.200638707617385,-1.89881311752387
MGH2766,tgfb_emt,0.231684554617222,0.449041102300405,-0.46457042666698,0.913611528967385,0.696254981284202,0.437064245867547,0.0119768564328587,0.340632530956572,0.805202957623551
MGH2766,ifn_apc,0.406421546459519,-0.355799721408851,-0.441438869538825,0.0856391481299742,0.847860415998344,-0.148288226856179,-0.207511494552671,-0.175749368361962,0.265689501176863
MGH2766,immune_core,0.536619778758991,-0.333919341615536,-0.35447945188546,0.0205601102699243,0.891099230644451,-0.226417046237316,-0.107502295378219,0.0615305391430909,0.416009991028551
MGH2766,t_cell,2.08634675111084,-0.621779928169661,-0.84676187015014,0.224981941980479,2.93310862126098,-0.635127056222324,0.0133471280526632,0.359205438450912,1.20596730860105
MGH2766,b_plasma,0.0254599966671521,-0.294601517858594,-0.418571137817777,0.123969619959182,0.444031134484929,0.0656921011148665,-0.360293618973461,-0.285116551901571,0.133454585916206
MGH2766,tumor_epithelial,-0.679533383657797,-0.62653683477247,1.02803077175018,-1.65456760652265,-1.70756415540797,-0.47299750493817,-0.153539329834301,-0.643080697047507,-1.67111146879768
MGH2766,tumor_aggressive,-0.569617265300407,-0.469304295553425,0.426495539969371,-0.895799835522796,-0.996112805269778,-0.321238292000272,-0.148066003553153,-0.476755772514957,-0.903251312484328
MGH2784,caf_mycaf,-0.547411491097295,1.66238290686249,-0.765360165610517,2.427743072473,0.217948674513222,2.38080717985703,-0.718424272994546,0.023612969337189,0.788973134947705
MGH2784,pancaf_matrix,-0.331680786064981,1.30182609146083,-0.84628645949747,2.1481125509583,0.514605673432489,1.81705904064905,-0.515232949188218,0.135296472769601,0.981582932267071
MGH2784,myeloid_macrophage,2.0143834934996,-0.370965518118166,-0.595808880894948,0.224843362776782,2.61019237439455,-0.557291978713077,0.186326460594911,0.296419771224908,0.892228652119856
MGH2784,spp1_tam,0.776626145960622,-0.481510877468974,0.0849790823849075,-0.566489959853881,0.691647063575715,-0.589229560854741,0.107718683385767,-0.283978948041091,-0.368958030425998
MGH2784,tgfb_emt,-0.0342749992808775,0.6471485260481,-0.443788271886335,1.09093679793443,0.409513272605457,1.01425104928593,-0.367102523237833,0.297060934704124,0.740849206590458
MGH2784,ifn_apc,0.99768189173708,-0.19038469797958,0.188144095622167,-0.378528793601747,0.809537796114914,-0.634824445699759,0.444439747720179,0.324392079745371,0.136247984123204
MGH2784,immune_core,0.907243888709761,-0.0701527438314302,-0.149991838728948,0.0798390948975177,1.05723572743871,-0.223856504857887,0.153703761026457,0.210331139322452,0.360322978051399
MGH2784,t_cell,1.5459925675926,0.0657175095640034,-0.588370177033342,0.654087686597346,2.13436274462594,0.086114306176313,-0.0203967966123095,0.284065777530633,0.872435954563975
MGH2784,b_plasma,0.00896527012380611,-0.384245394861991,-0.320534777503668,-0.0637106173583227,0.329500047627474,-0.0775822879810327,-0.306663106880958,-0.288588288156339,0.0319464893473292
MGH2784,tumor_epithelial,-0.534335608472097,-0.570939552879158,1.54510876167589,-2.11604831455505,-2.07944437014799,-0.792886307772731,0.221946754893573,-0.552637580675627,-2.09774634235152
MGH2784,tumor_aggressive,-0.484846488574002,-0.482440160498961,0.512913052392058,-0.995353212891019,-0.99775954096606,-0.298887906117005,-0.183552254381956,-0.483643324536482,-0.996556376928539
MGH2893,caf_mycaf,-0.335729870835739,1.36915710233203,-0.776486208724324,2.14564331105635,0.440756337888585,1.97851406305541,-0.609356960723385,0.351227461919395,1.12771367064372
MGH2893,pancaf_matrix,-0.309630991083031,1.20454222150441,-0.857781099579548,2.06232332108396,0.548150108496517,1.75991355995688,-0.555371338452471,0.338848122479019,1.19662922205857
MGH2893,myeloid_macrophage,1.10321260316972,-0.234813492924689,-0.622132912355284,0.387319419430595,1.72534551552501,0.2439010395375,-0.478714532462188,-0.124144280879392,0.497988631475892
MGH2893,spp1_tam,0.190906825188659,-0.450864914715596,-0.106639216322641,-0.344225698392955,0.2975460415113,-0.379668428695835,-0.0711964860197611,-0.298952690187607,-0.192313473864965
MGH2893,tgfb_emt,-0.230730231623279,0.516744242252865,-0.553649912600002,1.07039415485287,0.322919680976723,1.00253044438579,-0.485786202132924,0.100193674202389,0.653843586802391
MGH2893,ifn_apc,0.382656635640882,-0.339435290053502,-0.445867099772159,0.106431809718658,0.828523735413041,0.0738886041798534,-0.413323894233355,-0.21307289034257,0.23279420942959
MGH2893,immune_core,0.110934244391635,-0.0670348506444989,-0.386495016808961,0.319460166164462,0.497429261200595,0.119400040042195,-0.186434890686694,0.00152133416888871,0.388016350977849
MGH2893,t_cell,0.303415362971319,-0.0800363178646422,-0.58916848617617,0.509132168311528,0.892583849147489,0.21058615990013,-0.290622477764772,-0.0228540473472499,0.56631443882892
MGH2893,b_plasma,-0.299858537860041,0.0419890813107594,0.0584709433016185,-0.0164818619908591,-0.35832948116166,0.211694737613173,-0.169705656302413,-0.169705656302413,-0.228176599604032
MGH2893,tumor_epithelial,-0.629359700091879,-0.589645242252239,1.49922472999465,-2.08886997224689,-2.12858443008653,-1.29496182325856,0.70531658100632,-0.614038860533843,-2.11326359052849
MGH2893,tumor_aggressive,-0.416011157406204,-0.428994343129752,0.716185832687805,-1.14518017581756,-1.13219699009401,-0.661445259890816,0.232450916761064,-0.428994343129752,-1.14518017581756
MGH2924,caf_mycaf,-0.45330575802592,0.948535840418675,-0.755915862083843,1.70445170250252,0.302610104057923,1.52711000496198,-0.578574164543301,-0.0749148859029442,0.681000976180899
MGH2924,pancaf_matrix,-0.322288557274857,0.691300356790754,-0.80320927459377,1.49450963138452,0.480920717318912,1.22582592307614,-0.534525566285384,0.00125603978180781,0.804465314375577
MGH2924,myeloid_macrophage,0.17554462828535,-0.420854667440761,-0.590465618998051,0.16961095155729,0.7660102472834,0.0180802503420435,-0.438934917782805,-0.276716235288948,0.313749383709102
MGH2924,spp1_tam,-0.393652664067241,-0.35636529234974,0.209468990477955,-0.565834282827695,-0.603121654545196,-0.123797937683462,-0.232567354666279,-0.379109459136878,-0.588578449614833
MGH2924,tgfb_emt,-0.11767029837162,0.253936524205894,-0.54097446955645,0.794910993762343,0.42330417118483,0.749277806641609,-0.495341282435715,-0.0723565754143954,0.468617894142054
MGH2924,ifn_apc,0.765088292374841,0.126431813223379,0.294353784234648,-0.167921971011269,0.470734508140193,-0.239422054130138,0.365853867353517,0.406784050004752,0.112430265770104
MGH2924,immune_core,0.0315366229537385,-0.273702022580494,-0.386576347354589,0.112874324774095,0.418112970308327,0.0050079616331265,-0.27870998421362,-0.170569776107306,0.216006571247283
MGH2924,t_cell,0.352642477443796,-0.339998795782833,-0.636714080864841,0.296715285082008,0.989356558308636,0.112575255545185,-0.452574051328018,-0.255767092614773,0.380946988250068
MGH2924,b_plasma,0.509587147204472,-0.106710683470264,-0.231346768370607,0.124636084900342,0.740933915575079,0.0660307039568665,-0.172741387427131,-0.0257999896540774,0.205546778716529
MGH2924,tumor_epithelial,-0.487422528400484,-0.499833893873701,0.557978317647627,-1.05781221152133,-1.04540084604811,-0.373141515181873,-0.126692378691827,-0.488333382328569,-1.0463116999762
MGH2924,tumor_aggressive,-0.380446696994789,-0.392619536027174,0.568466570181774,-0.961086106208948,-0.948913267176562,-0.458194980394701,0.0655754443675267,-0.385503760971904,-0.953970331153677
MGH2927,caf_mycaf,-0.480651967279153,0.470069289928685,-0.752778739371985,1.22284802930067,0.272126772092832,1.15918319783379,-0.689113907905101,-0.029730628854908,0.723048110517077
MGH2927,pancaf_matrix,-0.363394069315738,0.50901158285137,-0.714350546770035,1.2233621296214,0.350956477454297,1.01564876704562,-0.506637184194255,-0.00625909390248287,0.708091452867552
MGH2927,myeloid_macrophage,1.42268055836727,-0.15284215436601,-0.374639912065192,0.221797757699182,1.79732047043246,-0.183801025000362,0.0309588706343518,0.192962801991089,0.567602714056282
MGH2927,spp1_tam,0.79809867295814,-0.0524203791519409,0.263560530014013,-0.315980909165954,0.534538142944126,-0.333460857644766,0.281040478492825,0.0790563072662283,-0.184504222747785
MGH2927,tgfb_emt,-0.0750077366037351,0.244964248224557,-0.0652652871585127,0.31022953538307,-0.0097424494452224,0.319971984828292,-0.0750077366037351,0.0801834311875261,0.145448718346039
MGH2927,ifn_apc,0.192774499956766,-0.313056730391784,-0.512348381058762,0.199291650666978,0.705122881015529,0.036095437480035,-0.349152167871819,-0.216087705343551,0.296260675715211
MGH2927,immune_core,0.114297274516497,-0.137599506830728,-0.144476679556998,0.00687717272626923,0.258773954073494,-0.0546806862341172,-0.0829188205966112,-0.022798991372627,0.121677688184371
MGH2927,t_cell,0.423460362006845,-0.148136000260344,-0.119911187511281,-0.0282248127490634,0.543371549518126,-0.14609841828486,-0.00203758197548355,0.0111932030194837,0.131104390530764
MGH2927,b_plasma,-0.128644931650063,-0.153273195752329,0.0789455855514983,-0.232218781303827,-0.207590517201561,-0.100093188129645,-0.0531800076226838,-0.146168220221645,-0.225113805773143
MGH2927,tumor_epithelial,-0.413517320578703,-0.487953765480762,0.429691208884539,-0.917644974365301,-0.843208529463242,-0.426155589209782,-0.0617981762709802,-0.4530948953328,-0.882786104217339
MGH2927,tumor_aggressive,-0.360868824554825,-0.352445197258428,0.119127446364944,-0.471572643623372,-0.479996270919769,-0.277569690122333,-0.0748755071360949,-0.352445197258428,-0.471572643623372
MGH2997,caf_mycaf,-0.290930564603882,0.666704674952846,-0.775026372101653,1.4417310470545,0.484095807497771,1.28079783735105,-0.614093162398205,0.0511077627579106,0.826134134859564
MGH2997,pancaf_matrix,-0.136517465205114,0.249367869301257,-0.826523019630859,1.07589088893212,0.690005554425745,0.972387610712557,-0.7230197414113,-0.00339866245354618,0.823124357177313
MGH2997,myeloid_macrophage,0.793858228324004,-0.377428009054868,-0.209083568302338,-0.16834444075253,1.00294179662634,-0.426034423153186,0.0486064140983178,-0.175396460980061,0.033687107322277
MGH2997,spp1_tam,0.215829108770238,-0.501219110691836,-0.170651494843783,-0.330567615848053,0.386480603614021,-0.377045415298276,-0.12417369539356,-0.457317457124823,-0.28666596228104
MGH2997,tgfb_emt,-0.162670248888976,0.121350918100921,-0.488562236147372,0.609913154248293,0.325891987258396,0.53948767073715,-0.418136752636229,-0.0434069977519512,0.445155238395421
MGH2997,ifn_apc,0.0269141086088,-0.501249410835726,-0.61976531192716,0.118515901091435,0.64667942053596,0.0586335265914131,-0.559882937427139,-0.397200386623813,0.222564925303347
MGH2997,immune_core,0.314783884923959,-0.0153283470965965,-0.251563450471478,0.236235103374882,0.566347335395437,0.0519740535332117,-0.0673024006298082,0.0686872680781776,0.320250718549656
MGH2997,t_cell,0.256029396008764,-0.0128365815025466,-0.437699579856875,0.424862998354328,0.693728975865639,0.154576950065486,-0.167413531568032,0.15137731629865,0.589076896155525
MGH2997,b_plasma,-0.257265637514668,-0.20046820670527,-0.205120679335897,0.00465247263062749,-0.0521449581787707,0.0408585420686327,-0.241326748773902,-0.210363520254307,-0.00524284091840935
MGH2997,tumor_epithelial,-0.629543681510355,-0.552715690327352,1.47531587134466,-2.02803156167201,-2.10485955285501,-0.959007457690036,0.406291767362684,-0.589207735420455,-2.06452360676511
MGH2997,tumor_aggressive,-0.509089984447352,-0.496436196477551,-0.100922266281466,-0.395513930196084,-0.408167718165885,-0.183338571509774,-0.313097624967776,-0.500896289635618,-0.399974023354152
